area,status,detail
cumulative_v1215_preservation,PASS,v1.2.15 corrective temporal/free-driver boundaries preserved.
publication_consistency,PASS,"Embedded manifest identity, previous release, readiness semantics and current audit summaries synchronized."
staff_source_lock,PASS_CLOSED,Southgate audit corrected; Rees corrected to team manager; Warr materialized; Nichols explicit reference-only; taxonomy aliases classified.
external_driver_availability,PASS_SAFE_UNCERTAINTY,23 cases remain explicit research-exhausted unknowns; 0 ordinary source-safe free drivers.
sponsors_source_lock,PASS_REVIEW_CLOSED,0 sponsor review rows open; historical money remains non-authoritative unless sourced.
regulations_operational_closure,PASS_WITH_RESEARCH_DEBT,Half-points rule source-enriched; countback/classification kept as transparent operational research debt; timetable closed as event-specific.
future_authority,PASS,No later debut/contract/retirement/result becomes opening authority.
historical_money_boundary,PASS,"No historical salary, bonus, sponsor value or buyout is invented."
global_season_materialization,PASS,"Global and Season authoritative opening surfaces synchronized, including 53 opening staff contracts."
canonical_promotion,READY_FOR_SEPARATE_PROMOTION,No remaining canonical blocker; safe unknowns/research debt are explicit and non-authoritative.
